{"metrics": {"train_metrics": {"mse": 2.020998095631947, "ux": 0.7665210646025988, "uy": 0.24573120917940278, "p": 1.0087457903967654}, "train_loss": 84051411328.0, "test_metrics": {"mse": 2.1975970640020854, "ux": 0.8143761586334746, "uy": 0.3064377154334117, "p": 1.076783230345128}, "test_loss": 39422595072.0}, "curves": {"train_loss_curve": [57449636364288.0, 11440233480192.0, 5644899237888.0, 4594017992704.0, 3582739841024.0, 2933923635200.0, 2287470190592.0, 1958343884800.0, 1745929052160.0, 1451848212480.0, 1242997698560.0, 1054359576576.0, 867645263872.0, 741985046528.0, 630945640448.0, 541632151552.0, 475396472832.0, 430621264896.0, 369974659072.0, 320054988800.0, 315224291328.0, 332724004864.0, 302022699008.0, 277928904704.0, 282832706560.0, 259043927040.0, 242426053632.0, 228160268288.0, 230475369472.0, 215231546368.0, 199855161344.0, 198629222400.0, 198382909952.0, 195750948864.0, 195274906112.0, 193348549632.0, 222782608896.0, 177099751424.0, 157195051008.0, 155477528576.0, 192489207808.0, 210115189760.0, 186283899904.0, 168475860480.0, 163462860288.0, 161232396288.0, 151674556160.0, 141853511168.0, 133703056128.0, 126848414208.0, 122942624512.0, 116201726464.0, 110489544192.0, 119756745728.0, 119297177344.0, 116108290048.0, 121758692608.0, 115251910656.0, 112183034624.0, 117442970880.0, 108774530560.0, 102299287040.0, 106123570176.0, 105323645952.0, 104326218496.0, 106866577408.0, 107502520320.0, 106817327616.0, 103029094656.0, 99876694272.0, 96248463616.0, 96806097920.0, 96754039040.0, 108800166656.0, 118817226752.0, 98525388288.0, 93202936576.0, 91818786304.0, 87865997824.0, 90776636288.0, 94454574848.0, 109849657088.0, 101885972224.0, 93028034816.0, 98679399936.0, 87755330816.0, 90364055680.0, 83834855680.0, 86847445248.0, 90922304512.0, 89542279680.0, 80292411648.0, 88179974144.0, 93606835712.0, 103982278912.0, 87892192256.0, 84051411328.0, 74101337088.0, 95488330240.0, 105508014848.0], "test_loss_curve": [6876391342080.0, 2549633875968.0, 2022514278400.0, 1683237666816.0, 1514503536640.0, 1100363104256.0, 851107241984.0, 823331020800.0, 672209887232.0, 562381422592.0, 484461641728.0, 404072259584.0, 338203037696.0, 310654332928.0, 253405032448.0, 217256007680.0, 196245951488.0, 174291511296.0, 150850004992.0, 133031010304.0, 145007849472.0, 156148637696.0, 135738765312.0, 144683073536.0, 125377191936.0, 115169952768.0, 101840461824.0, 103529108992.0, 99937077760.0, 91025957888.0, 91635033088.0, 97762633728.0, 84804537344.0, 95091843072.0, 92689397760.0, 135321038848.0, 87942757376.0, 72123100160.0, 73952024064.0, 69684201472.0, 103018832384.0, 85555685888.0, 83819581952.0, 78177920000.0, 83920649728.0, 82183414272.0, 68285370368.0, 66657181184.0, 59325612544.0, 57612085760.0, 57534973440.0, 54908548608.0, 54959111168.0, 57824434688.0, 55357944320.0, 63862426880.0, 54887174144.0, 52672448512.0, 59870824192.0, 52566916096.0, 48503189760.0, 49268821248.0, 47797288192.0, 49362000384.0, 53099241472.0, 52144752128.0, 49891234816.0, 54460943360.0, 48616253184.0, 44786112768.0, 48854244608.0, 48848587520.0, 50824215040.0, 66936230656.0, 45886776320.0, 46923182848.0, 44776129920.0, 42048928000.0, 41749858816.0, 47104503552.0, 47223616256.0, 55502054144.0, 43608780288.0, 47224530432.0, 44082151040.0, 41002342912.0, 46768864512.0, 43462146560.0, 46034798464.0, 44210174848.0, 41514143616.0, 43805573760.0, 45733629952.0, 57748752128.0, 42453698560.0, 43234126080.0, 39422595072.0, 41536628352.0, 48702077824.0, 54961163520.0], "train_mse_curve": [758.7653374407798, 149.49131877220753, 74.94701080767128, 60.49603004566782, 47.49823923361197, 39.04275023346392, 30.885502139611425, 26.890446876992986, 24.00576292877642, 19.852991220902425, 17.02567311278585, 14.581649379897048, 12.331608630477861, 10.804209628536125, 9.301598418210755, 8.190224071980913, 7.345257772996196, 6.793430717623964, 6.008683096215607, 5.413213835513279, 5.288671421240092, 5.466772919146035, 5.055937986679744, 4.73485800962754, 4.74603433859244, 4.416030149765682, 4.128708163781347, 3.904494861124556, 3.8731446780546763, 3.683478886462509, 3.5129142961418665, 3.461188424780487, 3.4698131105295076, 3.44072768987094, 3.4247002448701998, 3.445130862578011, 3.7621003754284916, 3.208267534439487, 3.0008581511828365, 3.016674620069498, 3.3956901172159712, 3.629059338361112, 3.324667216042388, 3.0875241082194247, 3.0364367148619005, 3.019493892658556, 2.890944044374516, 2.744566703329281, 2.6450575336422935, 2.559655703886605, 2.5085546532455756, 2.505047500654838, 2.478139966291867, 2.4728771243081495, 2.4683689973792253, 2.5133848273719366, 2.521478096875783, 2.4353661217425375, 2.3711981703866676, 2.424949707164709, 2.3507834453972016, 2.269765586964243, 2.306045426571682, 2.2787162402628462, 2.2922113268437956, 2.3057067526325192, 2.316381771432415, 2.312666167323165, 2.2516916903392916, 2.2006462975771712, 2.151087038023479, 2.159195071406684, 2.1583706936405282, 2.3197322878823683, 2.4705274153728873, 2.231934110902836, 2.1215167226318714, 2.107114463783909, 2.0585730916904637, 2.0833656488980217, 2.1242384646446295, 2.325656568343716, 2.244482590922809, 2.143638485722222, 2.2112166624375056, 2.0725171114195886, 2.083849031098035, 2.0578321673779723, 2.063900316421909, 2.117619105747768, 2.1031558367670797, 2.0401495163364243, 2.036848098821612, 2.1116969217016814, 2.261314603399605, 2.0583023232551776, 2.020998095631947, 1.950350639076344, 2.1430694591199693, 2.251496473484762], "test_mse_curve": [220.13758938029662, 81.68256753177967, 64.30776118908898, 53.746683825476694, 47.855249437235166, 35.265508722854875, 27.982953191207628, 27.045064221398306, 21.824631306276483, 18.40636938062765, 15.970245257878707, 13.575903113413665, 11.57246445478019, 10.744629423497086, 9.048678537142479, 7.934312051029528, 7.331056135791843, 6.65379835225768, 5.933182486841234, 5.361795199119438, 5.698635657358977, 5.99034185894465, 5.353720661745233, 5.555864547470868, 4.927388129800053, 4.58889731714281, 4.12940316927635, 4.119739700576006, 3.9967493606826006, 3.731816437284825, 3.737447111485368, 3.9263158248642744, 3.53982070664228, 3.8382571721481065, 3.7756970938989673, 5.070311931028204, 3.648040461136123, 3.2118363331940216, 3.2413701073598054, 3.102432380288334, 4.061185933775821, 3.563910584530588, 3.524699634616658, 3.3366123264118777, 3.493673576742916, 3.4607816275903733, 3.0347731250827596, 2.9822081226413535, 2.7625693369719944, 2.7100142268811243, 2.7088868480617716, 2.6301860744670287, 2.6990015320858713, 2.718989847474179, 2.682201476016287, 2.906934602381819, 2.683407178975768, 2.5683282884500795, 2.7739356348070046, 2.560579797777079, 2.4391294317730403, 2.4958657604152874, 2.4365774768894, 2.469897163520425, 2.634167325294624, 2.5407124147576803, 2.5159547191555216, 2.617303156448623, 2.4329713853739077, 2.3174541279421015, 2.4332911087294757, 2.434357284287275, 2.5216251825882217, 2.968907631049722, 2.402043869535802, 2.38268914950096, 2.3332010236837095, 2.2320810867568195, 2.2221793417203224, 2.3901742385605633, 2.3804784225205244, 2.6832094612768143, 2.3364850319038, 2.4061840122028935, 2.3705643088130626, 2.201458365230237, 2.3979245331327794, 2.2689835499908964, 2.386642372002036, 2.3789193104889432, 2.238067471778999, 2.2822692224534893, 2.344127590373411, 2.688739918854277, 2.237806843903105, 2.303963425199864, 2.1975970640020854, 2.238669004278668, 2.4188687534655555, 2.605966238248146],